problem_id,method_name,backend,n,m,seed,sampling_time_seconds,polishing_time_seconds,active_set_recovery_time_seconds,seed_build_time_seconds,solver_time_seconds,total_time_seconds,unseeded_solver_time_seconds,speedup_solver_only,speedup_total,objective,relative_error,raw_gap,certified_gap,primal_violation,dual_violation,status
scaling_n2_m4_s0,scipy_highs_only,numpy_cpu,2,4,0,0.0,0.0,,0.0,0.0014595000538975,0.0014595000538975,0.0014324589865282178,0.9814723765874,0.9814723765874,2.406641065053729,0.0,,0.0,0.0,0.0,success
scaling_n2_m4_s0,sampler_raw_only,numpy_cpu,2,4,0,0.19848370889667422,0.0,0.0018724999390542507,0.0,0.0,0.19848370889667422,0.0014324589865282178,,0.007217010375768024,2.403560680716605,0.0012799517060743445,1.744469404506233,0.058739759379306644,0.0,0.0,success
scaling_n2_m4_s0,sampler_plus_polishing,numpy_cpu,2,4,0,0.19848370889667422,0.000191875034943223,0.0018724999390542507,0.0,0.0,0.19867558393161744,0.0014324589865282178,,0.007210040399434582,2.4066410650537295,1.8452656538549847e-16,1.744469404506233,0.0556593750421821,0.0,0.0,success
scaling_n2_m4_s0,sampler_plus_vertex_polishing,numpy_cpu,2,4,0,0.19848370889667422,0.029681249987334013,0.0018724999390542507,0.0,0.0,0.22816495888400823,0.0014324589865282178,,0.006278172570996908,2.4066410650537295,1.8452656538549847e-16,1.744469404506233,0.0556593750421821,0.0,0.0,success
scaling_n2_m4_s0,unseeded_educational_simplex,numpy_cpu,2,4,0,0.0,0.0,,0.0,0.0014324589865282178,0.0014324589865282178,0.0014324589865282178,1.0,1.0,2.4066410650537295,1.8452656538549847e-16,,,0.0,,optimal
scaling_n2_m4_s0,seeded_educational_simplex_from_sampled_active_set,numpy_cpu,2,4,0,0.19848370889667422,0.0,0.0018724999390542507,7.391697727143764e-05,0.0007272920338436961,0.19928491790778935,0.0014324589865282178,1.9695788209830312,0.007187994965033066,2.4066410650537295,1.8452656538549847e-16,1.744469404506233,0.058739759379306644,0.0,0.0,optimal
scaling_n2_m4_s0,seeded_educational_simplex_from_polished_vertex,numpy_cpu,2,4,0,0.19848370889667422,0.029681249987334013,0.0018724999390542507,1.2079253792762756e-06,0.0007260830607265234,0.22889224987011403,0.0014324589865282178,1.9728582913019483,0.006258224065432854,2.4066410650537295,1.8452656538549847e-16,1.744469404506233,0.0556593750421821,0.0,0.0,optimal
scaling_n2_m4_s1,scipy_highs_only,numpy_cpu,2,4,0,0.0,0.0,,0.0,0.0007336669368669391,0.0007336669368669391,0.0005369170103222132,0.7318266414117973,0.7318266414117973,3.644171644612345,0.0,,0.0,0.0,0.0,success
scaling_n2_m4_s1,sampler_raw_only,numpy_cpu,2,4,0,0.16799400001764297,0.0,,0.0,0.0,0.16799400001764297,0.0005369170103222132,,0.0031960487295131096,3.504036037296638,0.03845472194562727,3.2326747499575204,0.21682223497315922,0.0,0.0,success
scaling_n2_m4_s1,sampler_plus_polishing,numpy_cpu,2,4,0,0.16799400001764297,8.01250571385026e-05,,0.0,0.0,0.16807412507478148,0.0005369170103222132,,0.003194525094706409,3.644171644612345,0.0,3.2326747499575204,0.07668662765745227,0.0,0.0,success
scaling_n2_m4_s1,sampler_plus_vertex_polishing,numpy_cpu,2,4,0,0.16799400001764297,0.002929665963165462,,0.0,0.0,0.17092366598080844,0.0005369170103222132,,0.0031412678123958503,3.644171644612345,0.0,3.2326747499575204,0.07668662765745227,0.0,0.0,success
scaling_n2_m4_s1,unseeded_educational_simplex,numpy_cpu,2,4,0,0.0,0.0,,0.0,0.0005369170103222132,0.0005369170103222132,0.0005369170103222132,1.0,1.0,3.644171644612345,0.0,,,0.0,,optimal
scaling_n2_m4_s1,seeded_educational_simplex_from_sampled_active_set,numpy_cpu,2,4,0,0.16799400001764297,0.0,,3.087508957833052e-05,0.0003220830112695694,0.16834695811849087,0.0005369170103222132,1.6670143768397554,0.0031893478582743656,3.644171644612345,0.0,3.2326747499575204,0.21682223497315922,0.0,0.0,optimal
scaling_n2_m4_s1,seeded_educational_simplex_from_polished_vertex,numpy_cpu,2,4,0,0.16799400001764297,0.002929665963165462,,5.84055669605732e-07,0.00031995796598494053,0.17124420800246298,0.0005369170103222132,1.6780860844311163,0.0031353878568231093,3.644171644612345,0.0,3.2326747499575204,0.07668662765745227,0.0,0.0,optimal
scaling_n2_m4_s2,scipy_highs_only,numpy_cpu,2,4,0,0.0,0.0,,0.0,0.0005515000084415078,0.0005515000084415078,0.00048824993427842855,0.8853126505984676,0.8853126505984676,1.5400687149748098,0.0,,0.0,0.0,0.0,success
scaling_n2_m4_s2,sampler_raw_only,numpy_cpu,2,4,0,0.19843350001610816,0.0,0.0016817080322653055,0.0,0.0,0.19843350001610816,0.00048824993427842855,,0.0024605217074677114,1.529711786134747,0.006724978398273807,3.7198695418983108,0.09279825793024221,0.0,0.0,success
scaling_n2_m4_s2,sampler_plus_polishing,numpy_cpu,2,4,0,0.19843350001610816,7.77500681579113e-05,0.0016817080322653055,0.0,0.0,0.19851125008426607,0.00048824993427842855,,0.0024595580052574916,1.5400687149748098,0.0,3.7198695418983108,0.08244132909017932,0.0,0.0,success
scaling_n2_m4_s2,sampler_plus_vertex_polishing,numpy_cpu,2,4,0,0.19843350001610816,0.002911166986450553,0.0016817080322653055,0.0,0.0,0.2013446670025587,0.00048824993427842855,,0.0024249459473998573,1.5400687149748098,0.0,3.7198695418983108,0.08244132909017932,0.0,0.0,success
scaling_n2_m4_s2,unseeded_educational_simplex,numpy_cpu,2,4,0,0.0,0.0,,0.0,0.00048824993427842855,0.00048824993427842855,0.00048824993427842855,1.0,1.0,1.5400687149748098,0.0,,,0.0,,optimal
scaling_n2_m4_s2,seeded_educational_simplex_from_sampled_active_set,numpy_cpu,2,4,0,0.19843350001610816,0.0,0.0016817080322653055,3.0166935175657272e-05,0.00029449991416186094,0.19875816686544567,0.00048824993427842855,1.6578949969067907,0.0024565025024051545,1.5400687149748098,0.0,3.7198695418983108,0.09279825793024221,0.0,0.0,optimal
scaling_n2_m4_s2,seeded_educational_simplex_from_polished_vertex,numpy_cpu,2,4,0,0.19843350001610816,0.002911166986450553,0.0016817080322653055,2.0803418010473251e-07,0.0002984999446198344,0.20164337498135865,0.00048824993427842855,1.635678475251502,0.0024213537108450298,1.5400687149748098,0.0,3.7198695418983108,0.08244132909017932,0.0,0.0,optimal
scaling_n2_m8_s0,scipy_highs_only,numpy_cpu,2,8,0,0.0,0.0,,0.0,0.0005284169455990195,0.0005284169455990195,6.25033862888813e-07,0.00118284220083114,0.00118284220083114,1.9816957472553896,0.0,,0.0,0.0,0.0,success
scaling_n2_m8_s0,sampler_raw_only,numpy_cpu,2,8,0,0.18951954203657806,0.0,0.0022993750171735883,0.0,0.0,0.18951954203657806,6.25033862888813e-07,,3.297991627523978e-06,1.9392970027381955,0.021395183683426428,1.5545449590787752,0.19261291632626976,0.0,0.0,success
scaling_n2_m8_s0,sampler_plus_polishing,numpy_cpu,2,8,0,0.18951954203657806,8.345907554030418e-05,0.0022993750171735883,0.0,0.0,0.18960300111211836,6.25033862888813e-07,,3.296539924065919e-06,1.9816957472553896,0.0,1.5545449590787752,0.1502141718090757,0.0,0.0,success
scaling_n2_m8_s0,sampler_plus_vertex_polishing,numpy_cpu,2,8,0,0.18951954203657806,0.006875207996927202,0.0022993750171735883,0.0,0.0,0.19639475003350526,6.25033862888813e-07,,3.1825385494377077e-06,1.9816957472553896,0.0,1.5545449590787752,0.1502141718090757,0.0,0.0,success
scaling_n2_m8_s0,unseeded_educational_simplex,numpy_cpu,2,8,0,0.0,0.0,,0.0,6.25033862888813e-07,6.25033862888813e-07,6.25033862888813e-07,1.0,1.0,,,,,,,no_feasible_basis
scaling_n2_m8_s0,seeded_educational_simplex_from_sampled_active_set,numpy_cpu,2,8,0,0.18951954203657806,0.0,0.0022993750171735883,3.166694659739733e-05,0.0006266660057008266,0.19017787498887628,6.25033862888813e-07,0.0009973955140423034,3.2865750704458756e-06,1.9816957472553896,0.0,1.5545449590787752,0.19261291632626976,0.0,0.0,optimal
scaling_n2_m8_s0,seeded_educational_simplex_from_polished_vertex,numpy_cpu,2,8,0,0.18951954203657806,0.006875207996927202,0.0022993750171735883,2.0803418010473251e-07,0.0015595000004395843,0.19795445806812495,6.25033862888813e-07,0.0004007911912232328,3.157462928537386e-06,1.9816957472553896,0.0,1.5545449590787752,0.1502141718090757,0.0,0.0,optimal
scaling_n2_m8_s1,scipy_highs_only,numpy_cpu,2,8,0,0.0,0.0,,0.0,0.0005569999339058995,0.0005569999339058995,5.409820005297661e-07,0.0009712424860379974,0.0009712424860379974,4.3311517554142105,0.0,,0.0,0.0,0.0,success
scaling_n2_m8_s1,sampler_raw_only,numpy_cpu,2,8,0,0.18334699992556125,0.0,,0.0,0.0,0.18334699992556125,5.409820005297661e-07,,2.950590960034276e-06,4.278539417476976,0.012147424266874466,6.418247983567646,0.3745055492325067,0.0,0.0,success
scaling_n2_m8_s1,sampler_plus_polishing,numpy_cpu,2,8,0,0.18334699992556125,8.170900400727987e-05,,0.0,0.0,0.18342870892956853,5.409820005297661e-07,,2.949276608262494e-06,4.3311517554142105,0.0,6.418247983567646,0.32189321129527215,0.0,0.0,success
scaling_n2_m8_s1,sampler_plus_vertex_polishing,numpy_cpu,2,8,0,0.18334699992556125,0.013920333003625274,,0.0,0.0,0.19726733292918652,5.409820005297661e-07,,2.742380061091836e-06,4.3311517554142105,0.0,6.418247983567646,0.32189321129527215,0.0,0.0,success
scaling_n2_m8_s1,unseeded_educational_simplex,numpy_cpu,2,8,0,0.0,0.0,,0.0,5.409820005297661e-07,5.409820005297661e-07,5.409820005297661e-07,1.0,1.0,,,,,,,no_feasible_basis
scaling_n2_m8_s1,seeded_educational_simplex_from_sampled_active_set,numpy_cpu,2,8,0,0.18334699992556125,0.0,,3.129197284579277e-05,0.0006355419754981995,0.18401383387390524,5.409820005297661e-07,0.0008512136434508388,2.939898534479054e-06,4.3311517554142105,0.0,6.418247983567646,0.3745055492325067,0.0,0.0,optimal
scaling_n2_m8_s1,seeded_educational_simplex_from_polished_vertex,numpy_cpu,2,8,0,0.18334699992556125,0.013920333003625274,,2.50060111284256e-07,0.0006226659752428532,0.19789024896454066,5.409820005297661e-07,0.0008688157407649767,2.7337476371900616e-06,4.3311517554142105,0.0,6.418247983567646,0.32189321129527215,0.0,0.0,optimal
scaling_n2_m8_s2,scipy_highs_only,numpy_cpu,2,8,0,0.0,0.0,,0.0,0.001267916988581419,0.001267916988581419,1.6600824892520905e-07,0.00013092990347179093,0.00013092990347179093,3.7396509735601233,0.0,,0.0,0.0,0.0,success
scaling_n2_m8_s2,sampler_raw_only,numpy_cpu,2,8,0,0.16721933300141245,0.0,0.040348124923184514,0.0,0.0,0.16721933300141245,1.6600824892520905e-07,,9.927575116198246e-07,3.7171155150728814,0.0060260860295709125,2.7896687049087183,0.6494142518554491,0.0,0.0,success
scaling_n2_m8_s2,sampler_plus_polishing,numpy_cpu,2,8,0,0.16721933300141245,7.658300455659628e-05,0.040348124923184514,0.0,0.0,0.16729591600596905,1.6600824892520905e-07,,9.923030572921215e-07,3.7396509735601233,0.0,2.7896687049087183,0.6268787933682072,0.0,0.0,success
scaling_n2_m8_s2,sampler_plus_vertex_polishing,numpy_cpu,2,8,0,0.16721933300141245,0.0031048329547047615,0.040348124923184514,0.0,0.0,0.1703241659561172,1.6600824892520905e-07,,9.746605714657065e-07,3.7396509735601233,0.0,2.7896687049087183,0.6268787933682072,0.0,0.0,success
scaling_n2_m8_s2,unseeded_educational_simplex,numpy_cpu,2,8,0,0.0,0.0,,0.0,1.6600824892520905e-07,1.6600824892520905e-07,1.6600824892520905e-07,1.0,1.0,,,,,,,no_feasible_basis
scaling_n2_m8_s2,seeded_educational_simplex_from_sampled_active_set,numpy_cpu,2,8,0,0.16721933300141245,0.0,0.040348124923184514,3.045797348022461e-05,0.0006112080300226808,0.16786099900491536,1.6600824892520905e-07,0.00027160678651268503,9.88962593510765e-07,3.7396509735601233,0.0,2.7896687049087183,0.6494142518554491,0.0,0.0,optimal
scaling_n2_m8_s2,seeded_educational_simplex_from_polished_vertex,numpy_cpu,2,8,0,0.16721933300141245,0.0031048329547047615,0.040348124923184514,2.50060111284256e-07,0.0005968339974060655,0.17092125001363456,1.6600824892520905e-07,0.00027814811094325565,9.712557620071606e-07,3.7396509735601233,0.0,2.7896687049087183,0.6268787933682072,0.0,0.0,optimal
scaling_n3_m6_s0,scipy_highs_only,numpy_cpu,3,6,0,0.0,0.0,,0.0,0.000532875070348382,0.000532875070348382,1.25030055642128e-07,0.00023463296108107684,0.00023463296108107684,1.7779471800253557,0.0,,0.0,0.0,0.0,success
scaling_n3_m6_s0,sampler_raw_only,numpy_cpu,3,6,0,0.1269232090562582,0.0,0.0017286250367760658,0.0,0.0,0.1269232090562582,1.25030055642128e-07,,9.850842613560845e-07,1.7181977863156068,0.033605831703558686,1.0622053099951398,0.33193254061657784,0.0,0.0,success
scaling_n3_m6_s0,sampler_plus_polishing,numpy_cpu,3,6,0,0.1269232090562582,9.266601409763098e-05,0.0017286250367760658,0.0,0.0,0.12701587507035583,1.25030055642128e-07,,9.843655808604408e-07,1.7779471800253557,0.0,1.0622053099951398,0.272183146906829,0.0,0.0,success
scaling_n3_m6_s0,sampler_plus_vertex_polishing,numpy_cpu,3,6,0,0.1269232090562582,0.007444541086442769,0.0017286250367760658,0.0,0.0,0.13436775014270097,1.25030055642128e-07,,9.305064311141909e-07,1.7779471800253557,0.0,1.0622053099951398,0.272183146906829,0.0,0.0,success
scaling_n3_m6_s0,unseeded_educational_simplex,numpy_cpu,3,6,0,0.0,0.0,,0.0,1.25030055642128e-07,1.25030055642128e-07,1.25030055642128e-07,1.0,1.0,,,,,,,no_feasible_basis
scaling_n3_m6_s0,seeded_educational_simplex_from_sampled_active_set,numpy_cpu,3,6,0,0.1269232090562582,0.0,0.0017286250367760658,4.1499966755509377e-05,0.0006368749309331179,0.12760158395394683,1.25030055642128e-07,0.0001963180674405571,9.798472069692573e-07,1.7779471800253557,0.0,1.0622053099951398,0.33193254061657784,0.0,0.0,optimal
scaling_n3_m6_s0,seeded_educational_simplex_from_polished_vertex,numpy_cpu,3,6,0,0.1269232090562582,0.007444541086442769,0.0017286250367760658,2.909218892455101e-07,0.0006321250693872571,0.13500016613397747,1.25030055642128e-07,0.00019779322431132874,9.26147420574617e-07,1.7779471800253557,0.0,1.0622053099951398,0.272183146906829,0.0,0.0,optimal
scaling_n3_m6_s1,scipy_highs_only,numpy_cpu,3,6,0,0.0,0.0,,0.0,0.0005963749717921019,0.0005963749717921019,2.4994369596242905e-07,0.0004191049386451452,0.0004191049386451452,2.8265902143797152,0.0,,0.0,0.0,0.0,success
scaling_n3_m6_s1,sampler_raw_only,numpy_cpu,3,6,0,0.1281942919595167,0.0,0.012955249985679984,0.0,0.0,0.1281942919595167,2.4994369596242905e-07,,1.9497256246117445e-06,2.6421797571417507,0.0652413131198902,5.522408745392413,0.49041601900164267,0.0,0.0,success
scaling_n3_m6_s1,sampler_plus_polishing,numpy_cpu,3,6,0,0.1281942919595167,0.0001076660118997097,0.012955249985679984,0.0,0.0,0.1283019579714164,2.4994369596242905e-07,,1.948089490716209e-06,2.8265902143797152,0.0,5.522408745392413,0.3060055617636781,2.220446049250313e-16,0.0,success
scaling_n3_m6_s1,sampler_plus_vertex_polishing,numpy_cpu,3,6,0,0.1281942919595167,0.008079999941401184,0.012955249985679984,0.0,0.0,0.1362742919009179,2.4994369596242905e-07,,1.8341221405439974e-06,2.8265902143797152,0.0,5.522408745392413,0.3060055617636781,0.0,0.0,success
scaling_n3_m6_s1,unseeded_educational_simplex,numpy_cpu,3,6,0,0.0,0.0,,0.0,2.4994369596242905e-07,2.4994369596242905e-07,2.4994369596242905e-07,1.0,1.0,,,,,,,no_feasible_basis
scaling_n3_m6_s1,seeded_educational_simplex_from_sampled_active_set,numpy_cpu,3,6,0,0.1281942919595167,0.0,0.012955249985679984,4.375004209578037e-05,0.0007530000293627381,0.12899104203097522,2.4994369596242905e-07,0.00033193052618332,1.9376825865350316e-06,2.8265902143797152,0.0,5.522408745392413,0.49041601900164267,0.0,0.0,optimal
scaling_n3_m6_s1,seeded_educational_simplex_from_polished_vertex,numpy_cpu,3,6,0,0.1281942919595167,0.008079999941401184,0.012955249985679984,6.25033862888813e-07,0.000730917090550065,0.13700583402533084,2.4994369596242905e-07,0.0003419590254406684,1.8243288524211112e-06,2.8265902143797152,0.0,5.522408745392413,0.3060055617636781,0.0,0.0,optimal
scaling_n3_m6_s2,scipy_highs_only,numpy_cpu,3,6,0,0.0,0.0,,0.0,0.0005936248926445842,0.0005936248926445842,0.0018454170785844326,3.108725899891336,3.108725899891336,3.496117611284968,0.0,,0.0,0.0,0.0,success
scaling_n3_m6_s2,sampler_raw_only,numpy_cpu,3,6,0,0.12342295900452882,0.0,0.007175209000706673,0.0,0.0,0.12342295900452882,0.0018454170785844326,,0.014951975657273926,3.3545677340685645,0.0404877332385789,0.37384872212511633,0.4778353937881379,0.0,0.0,success
scaling_n3_m6_s2,sampler_plus_polishing,numpy_cpu,3,6,0,0.12342295900452882,9.39160818234086e-05,0.007175209000706673,0.0,0.0,0.12351687508635223,0.0018454170785844326,,0.01494060691945354,3.496117611284968,0.0,0.37384872212511633,0.33628551657173444,0.0,0.0,success
scaling_n3_m6_s2,sampler_plus_vertex_polishing,numpy_cpu,3,6,0,0.12342295900452882,0.00793191697448492,0.007175209000706673,0.0,0.0,0.13135487597901374,0.0018454170785844326,,0.014049094598355606,3.496117611284968,0.0,0.37384872212511633,0.33628551657173444,0.0,0.0,success
scaling_n3_m6_s2,unseeded_educational_simplex,numpy_cpu,3,6,0,0.0,0.0,,0.0,0.0018454170785844326,0.0018454170785844326,0.0018454170785844326,1.0,1.0,3.496117611284968,0.0,,,0.0,,optimal
scaling_n3_m6_s2,seeded_educational_simplex_from_sampled_active_set,numpy_cpu,3,6,0,0.12342295900452882,0.0,0.007175209000706673,4.10410575568676e-05,0.0005892079789191484,0.12405320804100484,0.0018454170785844326,3.1320300209947805,0.014876012541122226,3.496117611284968,0.0,0.37384872212511633,0.4778353937881379,0.0,0.0,optimal
scaling_n3_m6_s2,seeded_educational_simplex_from_polished_vertex,numpy_cpu,3,6,0,0.12342295900452882,0.00793191697448492,0.007175209000706673,3.33995558321476e-07,0.0005869159940630198,0.13194212596863508,0.0018454170785844326,3.1442610139301843,0.01398656467778244,3.496117611284968,0.0,0.37384872212511633,0.33628551657173444,0.0,0.0,optimal
scaling_n3_m12_s0,scipy_highs_only,numpy_cpu,3,12,0,0.0,0.0,,0.0,0.000561291933991015,0.000561291933991015,8.300412446260452e-08,0.00014788048684828104,0.00014788048684828104,2.9188703803130136,0.0,,0.0,0.0,0.0,success
scaling_n3_m12_s0,sampler_raw_only,numpy_cpu,3,12,0,0.17607637494802475,0.0,,0.0,0.0,0.17607637494802475,8.300412446260452e-08,,4.7140977594016326e-07,2.8171226447131756,0.03485860019208073,4.184650438850084,1.53828607029312,0.0,0.0,success
scaling_n3_m12_s0,sampler_plus_polishing,numpy_cpu,3,12,0,0.17607637494802475,9.333295747637749e-05,,0.0,0.0,0.17616970790550113,8.300412446260452e-08,,4.7116002773376123e-07,2.9188703803130136,0.0,4.184650438850084,1.436538334693282,1.1102230246251565e-16,0.0,success
scaling_n3_m12_s0,sampler_plus_vertex_polishing,numpy_cpu,3,12,0,0.17607637494802475,0.014726540888659656,,0.0,0.0,0.1908029158366844,8.300412446260452e-08,,4.3502545073079997e-07,2.9188703803130136,0.0,4.184650438850084,1.436538334693282,0.0,0.0,success
scaling_n3_m12_s0,unseeded_educational_simplex,numpy_cpu,3,12,0,0.0,0.0,,0.0,8.300412446260452e-08,8.300412446260452e-08,8.300412446260452e-08,1.0,1.0,,,,,,,no_feasible_basis
scaling_n3_m12_s0,seeded_educational_simplex_from_sampled_active_set,numpy_cpu,3,12,0,0.17607637494802475,0.0,,4.15419926866889e-05,0.0013613750925287604,0.1774792920332402,8.300412446260452e-08,6.097079704053053e-05,4.6768343231309845e-07,2.9188703803130136,0.0,4.184650438850084,1.53828607029312,0.0,0.0,optimal
scaling_n3_m12_s0,seeded_educational_simplex_from_polished_vertex,numpy_cpu,3,12,0,0.17607637494802475,0.014726540888659656,,3.330642357468605e-07,0.0013095829635858536,0.192112831864506,8.300412446260452e-08,6.338210466278942e-05,4.320592417332433e-07,2.9188703803130136,0.0,4.184650438850084,1.436538334693282,0.0,0.0,optimal
scaling_n3_m12_s1,scipy_highs_only,numpy_cpu,3,12,0,0.0,0.0,,0.0,0.0006790839834138751,0.0006790839834138751,2.08965502679348e-07,0.0003077167298643115,0.0003077167298643115,3.4725540312268235,0.0,,0.0,0.0,0.0,success
scaling_n3_m12_s1,sampler_raw_only,numpy_cpu,3,12,0,0.1320616250159219,0.0,0.0017406250117346644,0.0,0.0,0.1320616250159219,2.08965502679348e-07,,1.582333267928168e-06,3.41609430191102,0.01625884833125457,1.8525155524757881,1.5564735509123704,0.0,0.0,success
scaling_n3_m12_s1,sampler_plus_polishing,numpy_cpu,3,12,0,0.1320616250159219,9.52909467741847e-05,0.0017406250117346644,0.0,0.0,0.13215691596269608,2.08965502679348e-07,,1.5811923360736768e-06,3.472554031226823,1.2788547157412255e-16,1.8525155524757881,1.5000138215965673,0.0,0.0,success
scaling_n3_m12_s1,sampler_plus_vertex_polishing,numpy_cpu,3,12,0,0.1320616250159219,0.01294866600073874,0.0017406250117346644,0.0,0.0,0.14501029101666063,2.08965502679348e-07,,1.4410391235980582e-06,3.472554031226823,1.2788547157412255e-16,1.8525155524757881,1.5000138215965673,0.0,0.0,success
scaling_n3_m12_s1,unseeded_educational_simplex,numpy_cpu,3,12,0,0.0,0.0,,0.0,2.08965502679348e-07,2.08965502679348e-07,2.08965502679348e-07,1.0,1.0,,,,,,,no_feasible_basis
scaling_n3_m12_s1,seeded_educational_simplex_from_sampled_active_set,numpy_cpu,3,12,0,0.1320616250159219,0.0,0.0017406250117346644,4.158297087997198e-05,0.0013995419722050428,0.1335027499590069,2.08965502679348e-07,0.00014930992198119877,1.5652524217179987e-06,3.472554031226823,1.2788547157412255e-16,1.8525155524757881,1.5564735509123704,0.0,0.0,optimal
scaling_n3_m12_s1,seeded_educational_simplex_from_polished_vertex,numpy_cpu,3,12,0,0.1320616250159219,0.01294866600073874,0.0017406250117346644,3.7497375160455704e-07,0.0013834999408572912,0.14639416593126953,2.08965502679348e-07,0.0001510412082488863,1.4274168738217e-06,3.472554031226823,1.2788547157412255e-16,1.8525155524757881,1.5000138215965673,0.0,0.0,optimal
scaling_n3_m12_s2,scipy_highs_only,numpy_cpu,3,12,0,0.0,0.0,,0.0,0.000565666938200593,0.000565666938200593,4.202593117952347e-08,7.429448026997914e-05,7.429448026997914e-05,4.9909972266140175,0.0,,0.0,0.0,0.0,success
scaling_n3_m12_s2,sampler_raw_only,numpy_cpu,3,12,0,0.1267899579834193,0.0,0.025159833021461964,0.0,0.0,0.1267899579834193,4.202593117952347e-08,,3.3146103877579423e-07,4.867921061653188,0.024659634011523237,9.179304354586087,2.320403642550981,0.0,0.0,success
scaling_n3_m12_s2,sampler_plus_polishing,numpy_cpu,3,12,0,0.1267899579834193,9.704206604510546e-05,0.025159833021461964,0.0,0.0,0.1268870000494644,4.202593117952347e-08,,3.312075402771008e-07,4.9909972266140175,0.0,9.179304354586087,2.197327477590152,0.0,0.0,success
scaling_n3_m12_s2,sampler_plus_vertex_polishing,numpy_cpu,3,12,0,0.1267899579834193,0.011310082976706326,0.025159833021461964,0.0,0.0,0.13810004096012563,4.202593117952347e-08,,3.0431512465414725e-07,4.9909972266140175,0.0,9.179304354586087,2.197327477590152,0.0,0.0,success
scaling_n3_m12_s2,unseeded_educational_simplex,numpy_cpu,3,12,0,0.0,0.0,,0.0,4.202593117952347e-08,4.202593117952347e-08,4.202593117952347e-08,1.0,1.0,,,,,,,no_feasible_basis
scaling_n3_m12_s2,seeded_educational_simplex_from_sampled_active_set,numpy_cpu,3,12,0,0.1267899579834193,0.0,0.025159833021461964,4.254095256328583e-05,0.0013581659877672791,0.12819066492374986,4.202593117952347e-08,3.0943148008448425e-05,3.278392479243419e-07,4.9909972266140175,0.0,9.179304354586087,2.320403642550981,0.0,0.0,optimal
scaling_n3_m12_s2,seeded_educational_simplex_from_polished_vertex,numpy_cpu,3,12,0,0.1267899579834193,0.011310082976706326,0.025159833021461964,4.5797787606716156e-07,0.0013524580281227827,0.13945295696612448,4.202593117952347e-08,3.1073741517772375e-05,3.0136278278941255e-07,4.9909972266140175,0.0,9.179304354586087,2.197327477590152,0.0,0.0,optimal
scaling_n4_m8_s0,scipy_highs_only,numpy_cpu,4,8,0,0.0,0.0,,0.0,0.0005383749958127737,0.0005383749958127737,1.6693957149982452e-07,0.0003100804695578391,0.0003100804695578391,6.004721817808225,0.0,,0.0,0.0,0.0,success
scaling_n4_m8_s0,sampler_raw_only,numpy_cpu,4,8,0,0.12299720803275704,0.0,0.0017625000327825546,0.0,0.0,0.12299720803275704,1.6693957149982452e-07,,1.3572630970238332e-06,5.89073472384952,0.018982910019353892,-0.04477993535624414,0.552665395977777,0.0,0.0,success
scaling_n4_m8_s0,sampler_plus_polishing,numpy_cpu,4,8,0,0.12299720803275704,0.00011354195885360241,0.0017625000327825546,0.0,0.0,0.12311074999161065,1.6693957149982452e-07,,1.3560113272902699e-06,6.004721817808225,0.0,-0.04477993535624414,0.4386783020190723,0.0,0.0,success
scaling_n4_m8_s0,sampler_plus_vertex_polishing,numpy_cpu,4,8,0,0.12299720803275704,0.020717957988381386,0.0017625000327825546,0.0,0.0,0.14371516602113843,1.6693957149982452e-07,,1.1616002410996076e-06,6.004721817808225,0.0,-0.04477993535624414,0.4386783020190723,0.0,0.0,success
scaling_n4_m8_s0,unseeded_educational_simplex,numpy_cpu,4,8,0,0.0,0.0,,0.0,1.6693957149982452e-07,1.6693957149982452e-07,1.6693957149982452e-07,1.0,1.0,,,,,,,no_feasible_basis
scaling_n4_m8_s0,seeded_educational_simplex_from_sampled_active_set,numpy_cpu,4,8,0,0.12299720803275704,0.0,0.0017625000327825546,5.908298771828413e-05,0.0010392499389126897,0.12409554095938802,1.6693957149982452e-07,0.00016063467049561172,1.345250362818901e-06,6.004721817808225,0.0,-0.04477993535624414,0.552665395977777,0.0,0.0,optimal
scaling_n4_m8_s0,seeded_educational_simplex_from_polished_vertex,numpy_cpu,4,8,0,0.12299720803275704,0.020717957988381386,0.0017625000327825546,4.5797787606716156e-07,0.001026625046506524,0.14474224904552102,1.6693957149982452e-07,0.00016261007080228452,1.1533575897892986e-06,6.004721817808225,0.0,-0.04477993535624414,0.4386783020190723,0.0,0.0,optimal
scaling_n4_m8_s1,scipy_highs_only,numpy_cpu,4,8,0,0.0,0.0,,0.0,0.0007502499502152205,0.0007502499502152205,1.6600824892520905e-07,0.0002212705897249138,0.0002212705897249138,6.490139909306869,0.0,,0.0,0.0,0.0,success
scaling_n4_m8_s1,sampler_raw_only,numpy_cpu,4,8,0,0.1422045420622453,0.0,0.011896583018824458,0.0,0.0,0.1422045420622453,1.6600824892520905e-07,,1.1673906228152998e-06,6.28859366094239,0.031054222432934177,-1.481727201713884,0.8276067837576022,0.0,0.0,success
scaling_n4_m8_s1,sampler_plus_polishing,numpy_cpu,4,8,0,0.1422045420622453,0.00013229099567979574,0.011896583018824458,0.0,0.0,0.1423368330579251,1.6600824892520905e-07,,1.1663056241925143e-06,6.244358033292498,0.037870042780113224,-1.481727201713884,0.8718424114074947,0.0,0.0,success
scaling_n4_m8_s1,sampler_plus_vertex_polishing,numpy_cpu,4,8,0,0.1422045420622453,0.019912084098905325,0.011896583018824458,0.0,0.0,0.16211662616115063,1.6600824892520905e-07,,1.0240050811333194e-06,6.490139909306869,0.0,-1.481727201713884,0.6260605353931235,0.0,0.0,success
scaling_n4_m8_s1,unseeded_educational_simplex,numpy_cpu,4,8,0,0.0,0.0,,0.0,1.6600824892520905e-07,1.6600824892520905e-07,1.6600824892520905e-07,1.0,1.0,,,,,,,no_feasible_basis
scaling_n4_m8_s1,seeded_educational_simplex_from_sampled_active_set,numpy_cpu,4,8,0,0.1422045420622453,0.0,0.011896583018824458,5.608308129012585e-05,0.002122500096447766,0.1443831252399832,1.6600824892520905e-07,7.821354128701424e-05,1.1497759772776917e-06,6.490139909306869,0.0,-1.481727201713884,0.8276067837576022,0.0,0.0,optimal
scaling_n4_m8_s1,seeded_educational_simplex_from_polished_vertex,numpy_cpu,4,8,0,0.1422045420622453,0.019912084098905325,0.011896583018824458,9.998911991715431e-07,0.0010791670065373182,0.16319679305888712,1.6600824892520905e-07,0.00015382998916717565,1.0172273965292165e-06,6.490139909306869,0.0,-1.481727201713884,0.6260605353931235,0.0,0.0,optimal
scaling_n4_m8_s2,scipy_highs_only,numpy_cpu,4,8,0,0.0,0.0,,0.0,0.0006295409984886646,0.0006295409984886646,0.00417124992236495,6.625859050290363,6.625859050290363,3.277971324410185,0.0,,0.0,0.0,0.0,success
scaling_n4_m8_s2,sampler_raw_only,numpy_cpu,4,8,0,0.12981391698122025,0.0,0.0017904170090332627,0.0,0.0,0.12981391698122025,0.00417124992236495,,0.03213253262335803,3.1180070148740215,0.048799789169890376,1.314083529266446,0.784561092245073,0.0,0.0,success
scaling_n4_m8_s2,sampler_plus_polishing,numpy_cpu,4,8,0,0.12981391698122025,0.00013741699513047934,0.0017904170090332627,0.0,0.0,0.12995133397635072,0.00417124992236495,,0.03209855408736364,3.2779713244101845,1.3547684402942998e-16,1.314083529266446,0.6245967827089101,2.220446049250313e-16,0.0,success
scaling_n4_m8_s2,sampler_plus_vertex_polishing,numpy_cpu,4,8,0,0.12981391698122025,0.023638041922822595,0.0017904170090332627,0.0,0.0,0.15345195890404284,0.00417124992236495,,0.02718277402358436,3.2779713244101845,1.3547684402942998e-16,1.314083529266446,0.6245967827089101,0.0,0.0,success
scaling_n4_m8_s2,unseeded_educational_simplex,numpy_cpu,4,8,0,0.0,0.0,,0.0,0.00417124992236495,0.00417124992236495,0.00417124992236495,1.0,1.0,3.2779713244101845,1.3547684402942998e-16,,,0.0,,optimal
scaling_n4_m8_s2,seeded_educational_simplex_from_sampled_active_set,numpy_cpu,4,8,0,0.12981391698122025,0.0,0.0017904170090332627,5.5458047427237034e-05,0.0011809170246124268,0.1310502920532599,0.00417124992236495,3.5322125394321766,0.03182938288050301,3.2779713244101845,1.3547684402942998e-16,1.314083529266446,0.784561092245073,0.0,0.0,optimal
scaling_n4_m8_s2,seeded_educational_simplex_from_polished_vertex,numpy_cpu,4,8,0,0.12981391698122025,0.023638041922822595,0.0017904170090332627,1.125037670135498e-06,0.0011902500409632921,0.15464333398267627,0.00417124992236495,3.5045156721768125,0.026973357434418928,3.2779713244101845,1.3547684402942998e-16,1.314083529266446,0.6245967827089101,0.0,0.0,optimal
scaling_n4_m16_s0,scipy_highs_only,numpy_cpu,4,16,0,0.0,0.0,,0.0,0.0010147079592570662,0.0010147079592570662,2.4994369596242905e-07,0.00024632081938672195,0.00024632081938672195,4.4037701840366665,0.0,,0.0,0.0,0.0,success
scaling_n4_m16_s0,sampler_raw_only,numpy_cpu,4,16,0,0.275829583988525,0.0,0.022895458969287574,0.0,0.0,0.275829583988525,2.4994369596242905e-07,,9.061526046199134e-07,4.271775106676237,0.02997319838326307,1.8487000208245217,2.614388161546466,0.0,0.0,success
scaling_n4_m16_s0,sampler_plus_polishing,numpy_cpu,4,16,0,0.275829583988525,0.00012370909098535776,0.022895458969287574,0.0,0.0,0.27595329307951033,2.4994369596242905e-07,,9.057463789367169e-07,4.4037701840366665,0.0,1.8487000208245217,2.482393084186036,0.0,0.0,success
scaling_n4_m16_s0,sampler_plus_vertex_polishing,numpy_cpu,4,16,0,0.275829583988525,0.061353083001449704,0.022895458969287574,0.0,0.0,0.3371826669899747,2.4994369596242905e-07,,7.412708909199669e-07,4.4037701840366665,0.0,1.8487000208245217,2.482393084186036,0.0,0.0,success
scaling_n4_m16_s0,unseeded_educational_simplex,numpy_cpu,4,16,0,0.0,0.0,,0.0,2.4994369596242905e-07,2.4994369596242905e-07,2.4994369596242905e-07,1.0,1.0,,,,,,,no_feasible_basis
scaling_n4_m16_s0,seeded_educational_simplex_from_sampled_active_set,numpy_cpu,4,16,0,0.275829583988525,0.0,0.022895458969287574,5.5832904763519764e-05,0.002484791912138462,0.27837020880542696,2.4994369596242905e-07,0.00010058938728085381,8.978823453666795e-07,4.4037701840366665,0.0,1.8487000208245217,2.614388161546466,0.0,0.0,optimal
scaling_n4_m16_s0,seeded_educational_simplex_from_polished_vertex,numpy_cpu,4,16,0,0.275829583988525,0.061353083001449704,0.022895458969287574,8.329516276717186e-07,0.0024104169569909573,0.3395939168985933,2.4994369596242905e-07,0.000103693137088799,7.360075770646538e-07,4.4037701840366665,0.0,1.8487000208245217,2.482393084186036,0.0,0.0,optimal
scaling_n4_m16_s1,scipy_highs_only,numpy_cpu,4,16,0,0.0,0.0,,0.0,0.0007560000522062182,0.0007560000522062182,4.169996827840805e-07,0.0005515868438992293,0.0005515868438992293,6.592520122983816,0.0,,0.0,0.0,0.0,success
scaling_n4_m16_s1,sampler_raw_only,numpy_cpu,4,16,0,0.383551667095162,0.0,0.002393667004071176,0.0,0.0,0.383551667095162,4.169996827840805e-07,,1.0872060234863217e-06,6.3694503144285175,0.03383680358860036,3.1004108209051857,4.279001033041027,0.0,0.0,success
scaling_n4_m16_s1,sampler_plus_polishing,numpy_cpu,4,16,0,0.383551667095162,0.00011983292642980814,0.002393667004071176,0.0,0.0,0.3836715000215918,4.169996827840805e-07,,1.0868664541427058e-06,6.600578977600819,0.001222423969387095,3.1004108209051857,,0.05714698175491062,0.0,success
scaling_n4_m16_s1,sampler_plus_vertex_polishing,numpy_cpu,4,16,0,0.383551667095162,0.04441537498496473,0.002393667004071176,0.0,0.0,0.4279670420801267,4.169996827840805e-07,,9.743733553809668e-07,6.592520122983816,0.0,3.1004108209051857,4.055931224485728,0.0,0.0,success
scaling_n4_m16_s1,unseeded_educational_simplex,numpy_cpu,4,16,0,0.0,0.0,,0.0,4.169996827840805e-07,4.169996827840805e-07,4.169996827840805e-07,1.0,1.0,,,,,,,no_feasible_basis
scaling_n4_m16_s1,seeded_educational_simplex_from_sampled_active_set,numpy_cpu,4,16,0,0.383551667095162,0.0,0.002393667004071176,5.5709038861095905e-05,4.202593117952347e-08,0.38360741815995425,4.169996827840805e-07,9.922437673130194,1.087048015870753e-06,,,3.1004108209051857,4.279001033041027,0.0,0.0,no_feasible_basis
scaling_n4_m16_s1,seeded_educational_simplex_from_polished_vertex,numpy_cpu,4,16,0,0.383551667095162,0.04441537498496473,0.002393667004071176,4.169996827840805e-07,0.002643125015310943,0.43061058409512043,4.169996827840805e-07,0.00015776767287529293,9.683916238620988e-07,6.592520122983816,0.0,3.1004108209051857,4.055931224485728,0.0,0.0,optimal
scaling_n4_m16_s2,scipy_highs_only,numpy_cpu,4,16,0,0.0,0.0,,0.0,0.0006097500445321202,0.0006097500445321202,3.7509016692638397e-07,0.0006151539803727314,0.0006151539803727314,4.134320289321466,0.0,,0.0,0.0,0.0,success
scaling_n4_m16_s2,sampler_raw_only,numpy_cpu,4,16,0,0.17941662506200373,0.0,0.04267204203642905,0.0,0.0,0.17941662506200373,3.7509016692638397e-07,,2.0906098684932812e-06,4.033761116346335,0.02432302432756963,10.418238419571415,2.4291518897517586,0.0,0.0,success
scaling_n4_m16_s2,sampler_plus_polishing,numpy_cpu,4,16,0,0.17941662506200373,0.0007433750433847308,0.04267204203642905,0.0,0.0,0.18016000010538846,3.7509016692638397e-07,,2.081983607387694e-06,4.136630398937355,0.0005587640662132708,10.418238419571415,,0.016106287192531044,0.0,success
scaling_n4_m16_s2,sampler_plus_vertex_polishing,numpy_cpu,4,16,0,0.17941662506200373,0.04929087497293949,0.04267204203642905,0.0,0.0,0.22870750003494322,3.7509016692638397e-07,,1.6400431418693117e-06,4.134320289321467,2.1483057855827012e-16,10.418238419571415,2.328592716776627,0.0,0.0,success
scaling_n4_m16_s2,unseeded_educational_simplex,numpy_cpu,4,16,0,0.0,0.0,,0.0,3.7509016692638397e-07,3.7509016692638397e-07,3.7509016692638397e-07,1.0,1.0,,,,,,,no_feasible_basis
scaling_n4_m16_s2,seeded_educational_simplex_from_sampled_active_set,numpy_cpu,4,16,0,0.17941662506200373,0.0,0.04267204203642905,8.949998300522566e-05,1.25030055642128e-07,0.1795062500750646,3.7509016692638397e-07,3.0,2.089566055608267e-06,,,10.418238419571415,2.4291518897517586,0.0,0.0,no_feasible_basis
scaling_n4_m16_s2,seeded_educational_simplex_from_polished_vertex,numpy_cpu,4,16,0,0.17941662506200373,0.04929087497293949,0.04267204203642905,3.330642357468605e-07,0.004872500081546605,0.23358033318072557,3.7509016692638397e-07,7.698104887610894e-05,1.6058294027527117e-06,4.134320289321467,2.1483057855827012e-16,10.418238419571415,2.328592716776627,0.0,0.0,optimal
